0,340,340,ENCRYPTED
340,737,397,DECRYPTED
737,818,81,DECRYPTED
833,1258,425,DECRYPTED
1258,1576,318,ENCRYPTED
1576,1693,117,ENCRYPTED
1694,2155,461,ENCRYPTED
2155,2443,288,ENCRYPTED
2443,2745,302,DECRYPTED
2745,2983,238,DECRYPTED
2983,3189,206,DECRYPTED
3189,3327,138,DECRYPTED
3329,3655,326,ENCRYPTED
3655,3915,260,DECRYPTED
3915,4322,407,ENCRYPTED
4322,4407,85,DECRYPTED
4407,4806,399,DECRYPTED
4806,5385,579,ENCRYPTED
5385,5719,334,DECRYPTED
5721,6073,352,DECRYPTED
6073,6567,494,ENCRYPTED
6567,7171,604,ENCRYPTED
7171,7667,496,DECRYPTED
7667,7854,187,DECRYPTED
7860,7928,68,DECRYPTED
7928,8368,440,DECRYPTED
8368,8648,280,ENCRYPTED
8664,9015,351,ENCRYPTED
9015,9458,443,ENCRYPTED
9458,9602,144,DECRYPTED
9602,9731,129,DECRYPTED
9731,9785,54,ENCRYPTED
9785,10238,453,ENCRYPTED
10238,10596,358,ENCRYPTED
10596,10619,23,DECRYPTED
10619,11128,509,ENCRYPTED
11128,11305,177,DECRYPTED
11305,11719,414,DECRYPTED
11720,12299,579,ENCRYPTED
12310,12804,494,ENCRYPTED
12804,12839,35,DECRYPTED
12839,13045,206,DECRYPTED
13045,13050,5,DECRYPTED
13050,13409,359,DECRYPTED
13409,13632,223,DECRYPTED
13632,13983,351,DECRYPTED
13983,14238,255,ENCRYPTED
14238,14314,76,DECRYPTED
14314,14892,578,ENCRYPTED
14897,15097,200,ENCRYPTED
15097,15670,573,ENCRYPTED
15685,15808,123,DECRYPTED
15808,16131,323,ENCRYPTED
16131,16589,458,DECRYPTED
16589,16843,254,ENCRYPTED
16843,17193,350,ENCRYPTED
17193,17398,205,DECRYPTED
17398,17446,48,DECRYPTED
17446,17462,16,ENCRYPTED
17462,17620,158,ENCRYPTED
17620,17747,127,ENCRYPTED
17747,17826,79,ENCRYPTED
17826,18081,255,ENCRYPTED
18081,18176,95,DECRYPTED
18176,18700,524,ENCRYPTED
18700,18939,239,ENCRYPTED
18939,19241,302,ENCRYPTED
19241,19305,64,ENCRYPTED
19305,19781,476,ENCRYPTED
19781,19797,16,ENCRYPTED
19797,20130,333,DECRYPTED
20130,20526,396,ENCRYPTED
20526,20954,428,DECRYPTED
20954,21224,270,DECRYPTED
21224,21256,32,DECRYPTED
21256,21577,321,ENCRYPTED
21577,21630,53,DECRYPTED
21630,21754,124,ENCRYPTED
21754,21765,11,DECRYPTED
21765,21820,55,DECRYPTED
21820,21976,156,DECRYPTED
21978,22405,427,DECRYPTED
22405,22487,82,ENCRYPTED
22487,22512,25,DECRYPTED
22512,22591,79,DECRYPTED
22591,23021,430,DECRYPTED
23021,23212,191,ENCRYPTED
23212,23323,111,DECRYPTED
23323,23439,116,ENCRYPTED
23439,23645,206,DECRYPTED
23645,23891,246,DECRYPTED
23891,24263,372,DECRYPTED
24263,24469,206,DECRYPTED
24471,24531,60,DECRYPTED
24531,24747,216,DECRYPTED
24747,24833,86,ENCRYPTED
24833,24888,55,ENCRYPTED
24888,25159,271,DECRYPTED
25159,25306,147,ENCRYPTED
25306,25447,141,DECRYPTED
25447,25709,262,ENCRYPTED
25709,25893,184,ENCRYPTED
25893,26046,153,DECRYPTED
26048,26321,273,ENCRYPTED
26321,26510,189,ENCRYPTED
26510,26710,200,DECRYPTED
26710,27039,329,ENCRYPTED
27039,27343,304,DECRYPTED
27345,27406,61,ENCRYPTED
27406,27562,156,ENCRYPTED
27562,27803,241,DECRYPTED
27803,27906,103,ENCRYPTED
27906,27995,89,ENCRYPTED
27995,28043,48,ENCRYPTED
28043,28098,55,DECRYPTED
28100,28540,440,DECRYPTED
28540,28640,100,ENCRYPTED
28640,29071,431,ENCRYPTED
29071,29320,249,ENCRYPTED
29320,29379,59,ENCRYPTED
29379,29529,150,ENCRYPTED
29529,29768,239,DECRYPTED
29768,29848,80,ENCRYPTED
29848,30243,395,ENCRYPTED
30243,30274,31,DECRYPTED
30274,30608,334,ENCRYPTED
30608,30896,288,ENCRYPTED
30896,30928,32,ENCRYPTED
30928,31358,430,DECRYPTED
31358,31454,96,DECRYPTED
31454,31645,191,ENCRYPTED
31660,31868,208,DECRYPTED
31868,32489,621,ENCRYPTED
32489,32649,160,ENCRYPTED
32649,33109,460,DECRYPTED
33109,33164,55,ENCRYPTED
33164,33197,33,DECRYPTED
33197,33261,64,DECRYPTED
33261,33515,254,ENCRYPTED
33515,33984,469,ENCRYPTED
33984,34256,272,DECRYPTED
34256,34528,272,DECRYPTED
34528,34604,76,DECRYPTED
34604,34607,3,DECRYPTED
34607,34957,350,ENCRYPTED
34957,35300,343,ENCRYPTED
35300,35496,196,DECRYPTED
35496,36004,508,ENCRYPTED
36004,36530,526,ENCRYPTED
36530,37009,479,DECRYPTED
37009,37290,281,DECRYPTED
37290,37535,245,ENCRYPTED
37535,37775,240,ENCRYPTED
37775,38203,428,ENCRYPTED
38203,38554,351,DECRYPTED
38554,38744,190,ENCRYPTED
38744,38945,201,DECRYPTED
38945,39015,70,DECRYPTED
39015,39142,127,ENCRYPTED
39142,39620,478,ENCRYPTED
39620,39820,200,DECRYPTED
39820,40036,216,ENCRYPTED
40036,40612,576,ENCRYPTED
40612,40644,32,DECRYPTED
40644,40725,81,DECRYPTED
40725,40788,63,ENCRYPTED
40788,40893,105,ENCRYPTED
40893,41122,229,ENCRYPTED
41122,41522,400,DECRYPTED
41522,41634,112,DECRYPTED
41634,41801,167,DECRYPTED
41801,42041,240,ENCRYPTED
42041,42476,435,DECRYPTED
42476,42803,327,ENCRYPTED
42803,43161,358,DECRYPTED
43161,43208,47,DECRYPTED
43208,43373,165,DECRYPTED
43373,43419,46,ENCRYPTED
43419,43592,173,DECRYPTED
43592,43640,48,ENCRYPTED
43640,43786,146,DECRYPTED
43786,44113,327,DECRYPTED
44113,44275,162,DECRYPTED
44275,44357,82,ENCRYPTED
44357,44388,31,ENCRYPTED
44388,44803,415,DECRYPTED
44803,45059,256,ENCRYPTED
45059,45385,326,DECRYPTED
45385,45496,111,DECRYPTED
45496,45935,439,ENCRYPTED
45935,46245,310,DECRYPTED
46245,46291,46,DECRYPTED
46293,46332,39,DECRYPTED
46332,46419,87,DECRYPTED
46419,46455,36,ENCRYPTED
46455,46546,91,ENCRYPTED
46546,46658,112,ENCRYPTED
46658,47011,353,ENCRYPTED
47011,47163,152,ENCRYPTED
47163,47347,184,ENCRYPTED
47347,47521,174,DECRYPTED
47521,47712,191,DECRYPTED
47712,47760,48,ENCRYPTED
47760,48162,402,ENCRYPTED
48162,48363,201,ENCRYPTED
48363,48924,561,ENCRYPTED
48924,49136,212,ENCRYPTED
49136,49719,583,ENCRYPTED
49735,49799,64,DECRYPTED
49799,50117,318,ENCRYPTED
50117,50405,288,ENCRYPTED
50405,50740,335,ENCRYPTED
50740,50839,99,DECRYPTED
50839,51093,254,DECRYPTED
51093,51315,222,DECRYPTED
51315,51695,380,ENCRYPTED
51695,52013,318,DECRYPTED
52013,52562,549,ENCRYPTED
52562,53017,455,ENCRYPTED
53017,53322,305,DECRYPTED
53322,53435,113,DECRYPTED
53435,53942,507,ENCRYPTED
53942,54134,192,DECRYPTED
54134,54226,92,DECRYPTED
54226,54437,211,ENCRYPTED
54437,54611,174,DECRYPTED
54611,54723,112,DECRYPTED
54723,55098,375,DECRYPTED
55098,55280,182,DECRYPTED
55280,55341,61,ENCRYPTED
55343,55519,176,DECRYPTED
55519,55741,222,DECRYPTED
